1,4778 , Hobbies & Creative Arts, Arts & Crafts,  Drawing & Painting Kits desc,true
2,4778 , Hobbies & Creative Arts, Art & Craft Kits,  Toy Craft Kits,true
3,4778 , Hobbies & Creative Arts, Art & Crafting Materials,  Art & Craft Paper,true

4,537 ,  Baby Bathing,Baby,Baby Bathtubs & Bath Seats desc,true
5,537 ,  Baby Bathing,Baby,Shampoo Eye Shield,true
6,537 ,  Baby Bathing,Baby,Baby Health & Grooming Kits,true

7,111, Advertising & Marketing, business,Brochures,true
8,111, Advertising & Marketing, business,Trade Show Counters,true
9,111, Agriculture,  Animal Husbandry,Egg Incubators,true
